Matte Grade (% Cu in Matte),Slag Temperature (°C),Silica Flux Added (% SiO2 in Slag),Settling Time (Minutes),Copper Loss in Slag (% Cu)
42.472407130841745,1254.7242571029617,24.62832322096549,51.526542810897446,1.0598387907975735
77.04285838459498,1230.4144549516182,33.54752368445895,48.33455021037848,0.9471844211366195
63.919636508684306,1196.4291424429491,41.82364589691021,12.051365264514855,0.43552924391668474
55.919509051822196,1272.0692529560424,38.305622160239025,37.299826210092505,0.8848854280778572
29.36111842654619,1252.709675883082,40.16402869653624,40.41564950286856,0.6367659423888948
29.35967122017216,1174.3925409017338,36.469584167767934,41.90582247175204,0.6769935296401381
23.485016730091967,1286.6390776740764,37.306914112946316,56.413789538186585,0.5649508643409412
71.97056874649611,1273.3805864384753,41.22989128913298,52.68820373815028,0.4567367865076424
56.06690070459253,1292.4699869937886,26.241700221479647,58.63240742347557,1.0507015688272083
62.48435466776273,1258.8579262582539,32.23562409107851,71.19066092337026,0.31792127324130826
21.23506965774815,1242.0122793903686,25.530236045490057,75.03885909728749,0.6761153628937085
78.19459112971967,1212.7364554435928,44.69170019991617,67.44984609811955,1.0435563841905453
69.94655844802531,1289.9092725031019,43.60148349216533,86.44189567639478,0.3183216942738509
32.74034664069657,1279.9095834250613,20.98567028421265,11.45860661410893,1.3339179240535133
30.909498032426036,1156.7828005159283,37.63937931289221,25.662238854683686,0.7674049867838584
31.00427059120603,1153.9550461745878,43.13120793539164,10.60502999825137,0.7652154645621091
38.254534577572265,1206.4695050317075,24.51438362818334,61.79797713236824,1.0257613358803332
51.48538589793427,1271.582999617275,34.198630763815736,81.84244391599896,0.7553994501125054
45.916701118526944,1298.0914193972417,42.887207439701044,29.478583726103942,0.746575442560517
37.47374841188251,1172.5625336655291,20.84864946464497,84.16276358370453,1.3133247236144712
56.71117368334277,1239.1196073028202,37.435506681171,14.821391223164868,0.9763126166685371
28.36963163912251,1207.1336284946533,27.43372518431377,84.75488214444114,0.6554297530861233
37.528678912113094,1295.4871596721905,43.10990488441326,38.12981497917075,0.6320133784339768
41.9817105976215,1276.3178384703563,44.27645612913419,18.11366627593732,0.7030117786863764
47.364199053022155,1275.7493057066706,43.60666222783585,48.86974073490605,0.6363120982490615
67.11055768358082,1220.3039739692456,31.855355416436595,30.542125417640634,0.5718505527447406
31.980426929501583,1212.2229253506498,41.55106627473283,32.78983215695383,0.6356659388828272
50.8540663048167,1191.0110607896058,41.11373496337676,34.58319719410292,0.8432258841560654
55.54487413172255,1158.4563244976391,27.97751183108139,74.24207182661307,1.018723651266704
22.787024763199863,1279.708356438258,40.72288685376694,53.132902134020355,0.5228665675345769
56.4526911140863,1271.9351513695117,20.925190867887316,34.90461593248029,1.5061411410607393
30.23144742123749,1299.9576509929195,34.90674696205133,58.826702664873466,0.5782241704087655
23.903095579116773,1299.4955255610857,25.750220932192576,67.29205393785548,0.7629277311417539
76.93313223519999,1233.3147558403941,23.01417214443197,31.8099200586827,1.48233669260709
77.93792198447356,1265.3481122770766,21.92383004073023,43.08392812202812,1.6249145921019836
68.50384088698766,1291.7148594823643,37.407219396953494,19.750887466955803,0.4288729557541926
38.27682615040224,1277.4471086016117,28.49687409420165,24.491947962774425,0.7766410104255648
25.86032684038303,1187.1022152614796,38.11916928821904,64.48942831719862,0.6049452903971113
61.053981590729414,1217.581620296514,21.63390851997356,24.515067815650156,0.9823794688228525
46.40914962437608,1169.3739122727243,27.88225844576526,52.01307069336481,0.8375244763036664
27.32229409068673,1293.1076540888084,33.48728230938343,66.72370093779462,0.5701140712682826
49.71061460667621,1240.926195167632,39.76807912097409,18.55015384757951,0.8993299457662643
22.063311266913104,1184.2964208255194,27.968812573301747,55.38497757031229,0.5889078895267699
74.55922412472692,1250.7551026608785,35.647284410925224,30.5250226961091,0.6971653850470783
35.52679889600101,1242.7192360686845,42.14944370590467,87.03415001900639,0.5829670901660893
59.75133706123892,1203.724407704926,35.39657970455762,48.683651737593976,1.0687928969271432
38.70266456536466,1167.0336388299443,25.823986868840844,74.47940398201266,1.0059877990538417
51.20408127066865,1250.73597933892,20.610019538913452,54.01812337250094,1.4739184191469035
52.80261676059678,1228.046155135569,41.752471847523246,13.473002628385533,0.88783455186269
31.091267331531622,1265.8477587603459,20.531735271259677,60.65211004752179,1.3389147107927024
78.17507766587352,1228.024525166799,41.867541817104986,86.11226737653256,0.9520182771717202
66.50796940166687,1277.827225047781,33.2234283506803,58.1289456117065,0.35364774113717423
76.36993649385136,1232.786025816173,43.476692462822406,75.53510875414321,0.729449051229542
73.68964102565893,1234.140695730308,39.96958089434163,80.73651706787263,0.5137853454224189
55.87399872866511,1281.4980403987518,44.94835276333343,28.246381755914598,0.8164131719657552
75.312454101387,1210.5224299318595,28.767795386292754,26.96358719265813,0.9836624525402079
25.30955012311517,1170.1022842675961,39.17970722327817,58.87847910807934,0.6269963032971027
31.758971745148713,1154.3174014470007,30.048272840231053,42.882277584536375,0.8064357245341495
22.713637334632285,1263.2705883510428,31.99689050759772,77.18890422933762,0.5172740288957551
39.519819845795865,1243.0464327030197,35.687636580459255,82.00184987184089,0.6056767762661227
43.320637381368925,1255.6119652148836,41.841927854658465,38.27371034421745,0.7596849376566106
36.28094190643375,1181.9446242263366,44.602086729982375,28.949644717958563,0.7136784181440858
69.72425054911577,1170.4557213380156,39.206835346612955,72.44204121950895,0.4648701818273393
41.40519960161536,1152.1816998501822,30.444169554183343,31.984482843850888,1.0674494504352794
36.85607058124285,1202.5881338209895,30.533925056926755,75.80914548109428,0.7615513594815194
52.56176498949491,1238.487653028195,38.43955753972229,43.89906029190102,0.823389495162575
28.45545349848576,1208.83660676496,25.969428644207557,63.403991943317635,0.8534647504583229
68.13181884524238,1215.6212383035593,22.761852828284866,17.642825106773454,1.0780431837733873
24.473038620786248,1285.6238041740623,28.865553941019414,59.90874597412584,0.5953866261940963
79.21321619603104,1202.238320053495,27.180974791352043,46.14141429897833,1.403619862583797
66.33468615779944,1227.0984233739716,27.407703011399754,56.92867705403793,0.5760001127709654
31.922940892050345,1267.5479519111714,25.840193776247748,23.441136619589074,0.9095468865277151
20.331327027416144,1209.4814173481905,21.052329740909048,68.94989959553456,1.2503533687150818
68.92768570729005,1243.313005034181,20.446848368335345,79.02376620345828,1.1274684239581276
62.41144063085703,1279.3545563120117,44.69305974340079,27.339184007262052,0.27266139615458473
63.74043008245924,1292.4280935486463,30.694328343396556,17.657164441612938,0.5013275975245094
66.27622080115674,1172.0610221393556,29.608166178992043,11.891086883706912,0.6210964078166367
24.44267910404542,1288.9881437742242,36.99118206732675,61.357720035461284,0.5385956452618784
41.507943712656356,1223.8174439619306,25.456347196626602,58.56752288710246,1.057959626648278
26.952143571507783,1188.7366582448437,43.749029598755634,53.7357930171256,0.5403079089849468
71.78620555253562,1218.8703634357391,39.6586253603888,28.555767689278035,0.55166253053095
57.39788760965347,1297.0048862928215,22.235275057806486,41.27247967244117,1.4588264467233745
39.85388149115895,1223.8927140989304,30.43951939462321,57.55810681489385,0.7810867840981464
23.813501017161418,1199.3127415431263,41.97795768905412,49.741348708733554,0.5426220171408725
38.65893930293973,1245.0101281475088,43.61830055728525,89.02284161719098,0.5272715322383154
39.51099932160482,1186.021842816729,31.68503778124674,20.91518020453865,0.9081825605053512
63.77637070028384,1161.3794992162996,35.335284730267695,65.6115643238075,0.5231565034735248
58.253448281312785,1169.3319582865975,24.17584865230188,42.34550144834337,1.3496476007555565
73.23276455457959,1169.2068758436658,44.779215653424416,44.25596919404918,0.617611979074161
48.33289550971696,1172.7854040268442,25.791792534586087,67.4078212526541,1.1716443859128176
27.1756547562981,1170.8240758974116,43.56829435337814,65.39489210594957,0.571117816004104
62.7946872333797,1246.1312117204823,36.24116622480921,89.30047949617506,0.3068149485256719
65.64710291701385,1177.2820126598717,35.19341987197148,20.27154315633002,0.48753760045891575
53.67663185416978,1201.8500924985794,32.81721277541271,18.328771950733305,1.028059262075049
66.25803079727366,1284.5182614859018,25.766745292943966,67.94710537029928,0.5803139896164208
49.62773578186344,1221.0942460394308,24.41320080013771,56.27095336051273,1.2509485393813942
51.363969762919645,1250.133660778154,25.512155226754384,31.932853324784467,1.2084932419614371
45.652461101512976,1175.8479806802445,24.66095655360636,16.35354951911893,1.3837567921279026
21.52514760464571,1178.8433528213006,39.48961183916883,16.852659967714445,0.6721293675154353
26.473485619598268,1156.1302924399718,28.753131479168253,81.53526997312946,0.7116738389194371
21.885751141204054,1175.3402594608247,21.44606691408491,25.34938597749943,1.2852899196334708
58.184624675826825,1191.7885508547938,44.22756575352028,35.86972496924166,0.9012229541366495
38.8613588645796,1176.551572641512,42.09464712408564,28.13251217815904,0.7890540468374396
50.514241469882165,1163.3053800635582,43.19380707988032,38.39970446655499,0.8607038621176729
74.45398843556558,1168.09538066509,44.872695566160886,15.55390741968747,0.7592922090377279
34.9575337489325,1219.1168152049088,24.347381230487184,51.52478327266163,1.1349077474185207
44.62297538213778,1180.950057760869,29.90605047256647,15.409005087377192,0.9331644416365987
65.33306831258292,1204.6404791572113,38.95596189260228,74.02852062578893,0.4036851465529424
33.72788992949735,1225.5125906282285,37.4005154513448,28.696966552834642,0.7756362657365066
24.618794589727578,1253.5592242944049,23.847397658496376,53.20095316836085,0.9734805875497942
37.38508717482608,1155.896820976165,40.395828124765444,80.40632700491666,0.6041454177882625
29.673277235240263,1269.9115598363564,25.61101429591652,62.07018952377553,0.8282941425574114
75.78185914055439,1244.185058423636,25.595440370565576,52.636622924106824,1.1270358635804074
68.48722277386501,1162.2638547923307,33.42436057233534,35.94670024923005,0.5798390823434632
58.00422539062541,1281.0367936160167,34.823498371042575,36.64015304465583,0.8755572512612401
72.28763541126307,1288.130860079772,34.50215519594528,63.55895641585521,0.49206625465865406
68.22032461394687,1159.1616939782296,22.287170934943873,89.5311488976934,1.017599948887845
31.194203533162153,1191.5316472220807,41.936521565759506,62.94713518795029,0.6380930449177192
73.55353990939867,1270.9301919689592,26.64000106471765,54.62267338960199,0.7793966545008731
52.36053451493904,1262.2389535575487,23.237873032070105,68.45204081913968,1.2500397083858839
68.44640930984374,1177.6781529034565,42.218701996724434,47.21644898269745,0.43757469905732443
73.7654779954096,1181.4023985005065,43.891287455743836,14.811387408062817,0.6651781968767131
39.08020849831183,1205.5708154187073,41.55319043163627,54.98374527023279,0.767516591004946
26.603115471660605,1222.6784477786532,40.23790186812195,86.61002276043041,0.494228367033909
33.6761097525165,1242.7382157295444,36.38104951597555,24.024235388612773,0.7732385640416715
45.626467317575376,1205.3370459354658,33.77143426522848,65.20039126565325,0.8866502691163566
69.08088595534959,1219.380207419972,22.174668997785254,26.074695092724518,1.1193543963249233
71.64383499538062,1262.1206407200634,30.211330326767467,52.8662147578465,0.5572274216233478
20.417127831871444,1155.5024804335897,29.31721292530785,17.73411597173757,0.7769698391205739
50.64483815465394,1187.865541651603,26.493844594008156,46.02967490065481,1.106000621720335
45.04466018892674,1257.002437882683,38.08550284221462,70.49306631161969,0.6736816855572517
33.326468628243816,1284.28102565308,32.396893376969274,37.80572193911857,0.7030141117398684
27.19192204002097,1226.75161631735,22.0261553976912,63.19293795897744,1.1072141938901192
40.25691028421768,1229.8170227897974,25.504580048745282,73.63599686317833,1.034951321387981
76.57458223475115,1166.0758017009664,37.08146909148989,84.17422555835621,0.8656665827480484
39.39217592124531,1217.1118550235183,21.903271487257506,28.771366548436283,1.3754465536414062
51.12743730460197,1229.8925899682536,41.28017285121922,41.94527326474465,0.8365768901035626
62.18113753371067,1186.3705755452095,32.37866317534936,22.193281066433393,0.5055292220338157
41.81777614275764,1190.3864846424071,32.0146644331662,89.39868017267001,0.7934662342144277
78.30692496325764,1206.5926244656935,34.81019461648794,84.16007743394363,1.0753613294077329
77.74683769652668,1153.010679666659,40.61702414812873,53.196570422444765,1.1068136165544114
35.10693774952185,1198.3118748374768,28.695230197554828,77.3626635501137,0.6945996062594415
49.83491035354312,1181.7172010494817,36.95040381397659,51.67663818176337,0.8890777530613311
38.052698589006184,1199.1246028266871,34.143299099894776,59.88685504022078,0.8415574066766872
37.090429662648056,1167.9643197728876,26.675706754235534,17.12995456928133,0.9926474251704989
22.21321684127197,1283.5790921109842,41.96574965887895,70.42163363974464,0.38961264304355725
56.57386003879381,1239.0388680331073,39.9356505401732,20.217078690818788,0.9484737730761665
50.16074139373169,1251.8653478716735,36.46129586646064,76.08541042020227,0.7804939330485083
23.08872507499936,1268.3756857911008,41.26454322735604,72.56224701363087,0.45945484869305686
36.71878785419669,1224.7663298393586,41.68235502399506,66.69957581943811,0.6527262145745438
74.49595315799922,1163.0380432131135,37.70907441787587,12.89283044198097,0.8639086951910515
34.37371344001835,1230.5659812727822,40.925333209091804,34.250268475626285,0.72198272979089
28.693692325473386,1238.026167703132,37.43678654173209,31.04900559286743,0.6696417710240915
49.36716561665378,1261.8159211276495,37.00351929400751,38.810912597721526,0.8140750151666821
79.13902724663603,1214.748931934452,35.46528445537961,17.011419741107083,1.3840293055595918
34.523316290690026,1169.1370454193345,38.81791598894103,84.95662584248502,0.7377269299253378
60.328132844352716,1192.5663858698088,23.96512763232684,54.3041792569901,0.7974059990080223
65.69717691972306,1204.4623444597953,42.02176897997321,34.44194485264188,0.3680427521244082
34.25825263954398,1246.88758619974,41.7960881936308,41.75852136594267,0.68067255498815
63.692980916711576,1235.6167457003369,20.731182075863977,45.77620324038685,1.0511447287718858
42.06698796315519,1203.414508884677,40.64541876411907,58.047546668849385,0.6435360977069728
57.938349835614765,1297.977287318947,23.22174668683613,51.25435421571982,1.3567174447942514
58.01178264565368,1240.866222903533,28.377971356478547,83.55135785715339,0.9059056263528786
52.14648104448551,1185.5840187603992,38.5877064072902,49.75707863246642,0.886690594729703
25.4173862032645,1165.2673708930606,24.018997401207706,89.372641185865,1.002572041398738
70.11814973535428,1172.9288708776498,40.44917560297655,78.11399661960766,0.46565993291910646
39.24680389830415,1186.8936592576763,40.80335444894355,26.680841148586865,0.8139493113390062
31.191110623991253,1174.1022059889333,32.68669334402091,84.4476171715133,0.6637727666820256
22.446508493285833,1177.9850536076958,20.15964679292084,19.309311830838087,1.4166207118905163
55.45357659129451,1192.764275304077,27.17595332937282,75.39597667929533,1.0260121215408082
60.653861710536944,1176.0060392942132,35.423172959393554,40.4498634781264,0.48265878241303645
20.995269735671368,1284.5148136939638,44.529654450685584,80.23794563560556,0.3854876207664273
50.72558349795686,1162.0350618492464,35.79533817541671,79.44453520859602,0.8291252559010802
33.58974651187628,1228.676708435538,26.495089526603994,74.4740320094097,0.8842357283103954
58.71036742456699,1211.5595240484492,35.85014257749028,73.20243490456491,0.8881476498207997
30.461985740299486,1297.3567925362909,33.49963449289639,34.37433112784326,0.6774259398951067
61.456264286147956,1166.805835325208,39.49613487877859,16.473542644100174,0.48745997177274425
43.20412077803225,1209.6783398568612,22.67451597067396,42.23841430121291,1.4010589910889601
76.20379932420407,1295.4205649913054,39.025697562550704,23.881961198920692,0.808244038904659
28.251256648759593,1279.826068884097,33.531664466902754,65.59608711219694,0.561519577763571
40.46398106301551,1272.560810642392,44.07480009647487,37.687978123022845,0.6551401534083297
26.808411274435343,1188.6854240567409,28.54680415096715,88.04881606879319,0.6451109246309915
75.48161709671376,1175.63313810851,35.8155473283487,61.27776618762656,0.8595529489280231
72.64036120285886,1250.2964829886646,43.30070263775043,75.79844509074887,0.38786223905709205
35.47649766290934,1289.4063983691378,22.56274319976698,20.601973819347876,1.1749203431830697
59.59904276205074,1233.5144339520893,43.43071218091128,78.9611585818098,0.7654391959044229
69.03333201207295,1235.741903420485,37.197143057520336,83.82057524107155,0.42632474338041926
53.31204869596774,1191.9968640490426,21.695926477629296,48.96495350551487,1.5793006966068917
51.77903470136039,1265.4239399787905,27.524089173670404,58.50023502007819,0.9290558841972684
34.5111374540271,1178.0565622836284,37.704302216132035,71.18478407223964,0.6805580911905086
25.586166068353954,1198.5518854606366,21.683765036719294,23.987090180833004,1.277573934739398
73.83294547719962,1213.8154657924624,34.55426150440683,50.205286117075396,0.747072182796339
74.02508342979982,1226.1415568026682,28.64707642382392,41.89304222178505,0.7352348512355454
57.986087436396076,1186.361459862262,35.52288794418693,21.70991937297993,1.0448531830258465
40.34178746292204,1167.2255237108805,21.14355084531282,39.40275378332252,1.5068242128261555
40.95257447675965,1241.593006366245,41.78842015380941,15.453784750839485,0.7801679806867517
63.557340732214364,1193.2945829860384,44.33722422943492,12.064952555958959,0.4278981241252388
73.82661559715463,1237.1857332133918,44.22194638214229,20.81330313238582,0.6786577250616809
73.22518545590704,1173.1544072911304,38.741295793573116,87.0492089271339,0.47357999452418614
66.79253275145743,1222.1710152782225,23.2521560032658,53.96236287160136,0.9159844953561818
58.52189876925726,1229.8884148827378,38.95657989822556,87.2657728922576,0.8037867740034106
25.04839789970293,1157.7735305233641,20.614672911470038,44.59983026641056,1.2775195729325208
29.697722845676825,1200.490641729088,20.553088788224933,34.945290646820766,1.4038000876360228
73.91325131162475,1170.1622015408461,28.09025547873853,50.49134902721953,0.86883022380268
56.3857435795754,1159.506245570915,32.21607976011664,45.16093509063281,1.0261008805060645
20.55182309699778,1298.494034858492,39.26018544519483,18.453174740939513,0.5575007036414938
26.088292571961926,1198.3530767462084,37.08238441516263,61.266105175216495,0.6768285357322293
59.81010614648335,1271.4811668781952,31.14756765941871,27.28305460076797,1.0557548108872379
20.30369503077312,1188.1960982145645,26.840666657041645,59.56703639182636,0.8172699648390662
29.648483085049918,1252.2254083335895,44.92811250394278,62.01608739185227,0.5420874242292144
52.924027361995165,1264.0341789834529,30.654532555899323,22.16198825029185,0.9575021539510935
61.513711861561596,1239.3458110911765,31.284675608241887,14.907970168853453,0.41784079821421694
59.11767557015603,1220.7364282825238,24.090595529791727,72.46092688547519,1.2879455081476283
33.45615856763359,1211.7761371220902,39.87023871874823,46.78403390154561,0.6351305120434638
62.73075328085215,1202.3302399814493,37.34205564453721,14.653103640438063,0.5605724059471172
34.23494524980801,1289.429371637174,25.51924031971901,89.58930537358137,0.8248216890566653
39.52398188955606,1274.5929111681594,22.059526140396066,14.622444879709331,1.3318098713682491
64.78948430708145,1294.7540365999769,37.012482551867826,65.60281830868425,0.3191812301276859
58.97797394283288,1168.6445835228317,36.362780357028385,88.69431402107308,0.9219483788288481
70.95340462965068,1259.6301212805465,26.831488174955233,29.13440833727405,0.7855360653844035
59.4567735380206,1290.7510685231557,43.771589056260254,21.379949494975694,0.8372131408200094
54.098516200128294,1177.184959924849,23.776447294522505,19.71079515379431,1.4304289849893976
25.620486069685548,1159.9744401050166,30.80837002606505,34.262011805407646,0.7284669981799247
42.06294818356601,1261.1680973935088,43.59039800418997,18.083664880851735,0.6719990272106791
35.91214206090353,1236.1709669769868,30.493182923153057,65.37290733553056,0.7016016333357284
34.63937860274501,1276.2743165137408,35.96314869160214,14.983343850405015,0.7189671494452312
78.38063328514673,1170.9658564939434,29.939859949069856,50.75377025198318,1.239976078300539
43.58586348000563,1269.2900967789835,26.85538005871675,89.73574830823814,0.8096111296911102
73.5227933106268,1180.2440980071617,44.599441198995706,75.11762156048151,0.503468438285486
57.86831755983577,1174.5483914298557,30.233350157876075,59.21755505848087,1.0198788798880956
67.6886782124989,1174.639869689649,42.352480091978364,34.500289662928935,0.40277417255313797
50.15822558631153,1272.1862080347073,25.748865147277154,59.91166690333108,1.0815571219124929
54.614233077581545,1249.77958310443,25.327617600627082,52.163317112932134,1.1692860587214684
49.55106162913184,1228.459813715368,20.778352072112785,44.086670711229715,1.4554472291703378
31.71457926788267,1203.8245726185253,36.29167063439712,20.45683013921596,0.7365157605842485
63.34712691569032,1281.5800811219663,29.21315859309403,80.92833721923733,0.3119318157751649
36.846341746451344,1208.8667661133952,41.608956245990925,45.9827719057058,0.7049348094325746
21.45895798588723,1272.4899159207366,31.83024766728893,25.569800945661207,0.6689058338691056
58.72833775443007,1215.8702362855329,44.20483569786804,39.420748070183166,0.8118369276279382
30.626640764422937,1206.541664413736,24.63813789257803,43.130380202314164,1.0472396986541108
76.42751506117486,1219.401967850441,41.71557919889027,76.20303164534994,0.7787651054268607
77.23571462015525,1195.2066811246214,39.41492131979354,68.68915044491217,0.9696471455276862
74.89186341322691,1262.1414070264377,39.2730461161013,71.54439149130718,0.6441016356545515
42.20952201532666,1225.4080585138718,41.11958070292219,10.882501154291777,0.7721720654886097
20.927396991732046,1184.8319042720227,39.02559977357497,43.29231985438092,0.5742132234297822
75.69911375526353,1284.9361859911853,35.655508040785385,48.50753213082589,0.7300861155610776
45.69104889903886,1207.5836832059817,23.28112194205969,11.535382145844535,1.4089179119072057
77.99928914262017,1231.5329291670982,20.8131544872813,30.785056699602737,1.7745995138663808
77.81719862535516,1285.9708166446821,43.02119619539217,70.8231858497708,0.967636134477487
71.1805673280416,1243.6356993870988,35.41625786301845,20.968776458319923,0.5848566006066133
37.66693352417514,1167.5347061062546,39.91343227440441,52.824810516207336,0.7146243795645455
43.105863716115515,1290.9748185420212,32.03805878781375,27.216149761379,0.7417521464999934
71.06820029101141,1244.1562079607127,22.93270472405986,10.969661971511462,1.0066035560041786
39.01532030937666,1200.235842198563,23.129644805063762,29.29611660796332,1.2144797154376614
30.16956480116555,1170.890810899508,37.13913218072429,88.0699003928043,0.6344829362330542
53.40807574750101,1269.1037783905444,30.757647372486566,74.12296895063916,0.870501788168531
76.16928644964686,1243.010913389277,25.013118167508416,86.76613154568267,1.0236042559360456
61.76178780049838,1230.0191637964483,32.28986366853592,49.028323514109,0.45503166907189996
54.203670205361895,1284.0838874576436,21.605223426878354,18.778895894200282,1.4717068446307413
25.830589626246113,1268.2895816836797,34.54928504785997,53.83675911789544,0.5830097034593216
56.90043360195018,1172.7512319599127,26.724835110877443,46.350186764796874,1.2332182446503384
79.4032310062558,1196.7583101693322,39.93897751592971,77.54856661916928,1.2954984708087656
28.405040914191442,1187.27337097217,27.759048973089342,17.846606462739565,0.8290917708861479
51.0997791418242,1261.5919438859016,31.38050372704503,49.059290961742256,0.8400858427421658
72.64238431567733,1155.029865210367,20.290513497702516,22.00389317551874,1.3381143619932234
64.44611706525227,1235.4834527306975,21.81117219486397,35.974074151204796,0.9661621545245278
61.82094445971608,1264.3688028611036,29.81233891016712,68.98856619102398,0.3594581079253239
62.14904503922656,1281.5148455142623,31.998470867928088,48.081450349501324,0.3316526001941811
41.56946907318531,1201.3122623073862,35.000513702982595,40.07106281166155,0.8187273347853716
37.6155106558696,1273.188595700802,27.29156446773258,41.55810228560283,0.8397500228817483
68.56166932871082,1166.5947605432812,37.37454715316356,46.75574147247893,0.5075504415246029
68.60680368075084,1276.9678437601776,41.503059929730114,72.80132350696455,0.2869660263497463
72.02433911480622,1169.1232993497974,39.496274722333744,81.36677511521876,0.5417968454170264
74.79443315338827,1209.5930935840552,20.990470633708927,86.42677492031426,1.3423904662472739
50.68054393165627,1269.594304866933,32.012673681445726,72.9522709004236,0.7654243126518933
50.090977681231976,1172.487614102316,22.623254460454373,35.23255165984102,1.5073025279847585
67.89771073800651,1184.3877092848961,26.051125396563187,65.05077648692337,0.6943384005180329
58.99783584666591,1258.33788525896,44.66656483167866,45.008249924431354,0.8357492966729579
62.1180126354622,1258.005480481911,23.56238857253783,30.373649763684092,0.8565234558472596
67.74756016616607,1246.1721449327947,32.4722038362839,77.26972635407381,0.41853605977995156
73.40032050905398,1254.092266670065,35.45389335795298,13.074107916986,0.7369368582497412
40.27970941109215,1231.4086665021393,37.561624263602596,82.14095937083388,0.6835386276167393
42.53497715839664,1187.7698588360429,33.991217087172856,46.91819716997873,0.8181321284873618
25.638916390452138,1201.854399025588,20.24427118547959,60.976118144662436,1.3282103166500712
54.69680845977044,1177.2396575202138,28.1615327060998,62.748313776462616,0.9546232056399512
22.156536427804525,1286.2675842000442,32.94279108461779,81.60941925652291,0.48720643470644276
47.93588108794761,1237.5087692149182,22.196662478620834,60.93357457337659,1.342855490744736
52.5586780824546,1210.127712514546,28.76567328022952,59.114686780804945,0.940839920945861
37.192475127697065,1219.30087054662,20.830077719784164,15.332163244855197,1.450159620011522
55.44999563414065,1292.0925009417724,21.964462428875517,51.47264175561632,1.323338653261396
21.830014996342967,1173.002710467412,29.9230819050399,22.01352006536333,0.719013876486989
22.240891324952866,1237.9344748025196,23.31789385107651,68.99470149771885,0.9849495035922405
69.3560336395795,1225.88330183267,34.18852120653895,50.97775366501396,0.5069065191934289
41.61143848467577,1241.7181353151973,37.236624228431644,64.41822233666826,0.6700700537037212
27.623630759113087,1152.716527573126,40.01466747772707,13.333832048190741,0.7898173255608754
51.334595603288264,1280.8185863416227,25.003756106120253,16.783361283664256,1.1623135572010463
66.19961318591665,1289.817742372542,24.187064556476745,67.30587104501458,0.7503928298656957
32.949261649810595,1234.7699775383812,22.614196008360008,15.76674687989387,1.2719794793969514
57.373428549140016,1254.4976235815338,35.91075623859092,15.700538221220688,0.9416109040441745
25.120847899626078,1288.3749071765944,37.66189316217253,10.968678018790996,0.6787732332944447
23.10090327011646,1256.0857951470098,20.78965362064105,86.5201118639584,1.088623097791725
51.88127789408888,1172.8808564371393,43.405306156092244,69.00066875672056,0.8524472538629018
52.43810729660639,1236.443254025022,21.29928209128681,38.260112680165136,1.5494616607200478
58.24579408989239,1241.0072569574284,33.53240838252676,33.72284650301242,0.9505402083787093
63.56548002335969,1213.6196006953578,37.72651298627291,37.97625837966797,0.4723996241051429
78.55112476775207,1260.4666353437085,41.77422809365214,71.97228249449455,1.0246139724933432
50.97802089807172,1290.1550522153523,37.85217330331069,62.90964888563315,0.7673983455107601
39.377388376474755,1288.8352769360165,40.04320207674479,24.815645429397435,0.7057989720302055
67.71117168612221,1217.62590571062,28.486254813570152,23.928746826726748,0.5775186461657073
36.24993507572445,1166.9857068761132,40.3706278436628,17.871651977071785,0.8300873596778804
46.338285242338166,1297.72617984435,22.00287115961688,62.82421757610705,1.3130750763302044
24.70738288053596,1275.83471296689,42.37041640151319,71.14981297773888,0.37186307908002647
21.52104460492745,1168.69940218049,33.689809403843405,31.203714266000322,0.7419385062597418
77.7589048806755,1288.1262823926058,40.43244424906234,11.675596882473025,0.9519437499490426
70.15880723073235,1280.4844543093193,31.307957112957503,16.573733398114186,0.6091666167854948
61.75845236562188,1227.8257085689108,36.08944237991312,87.42880278760244,0.35213065678996297
44.53717666485619,1238.6913153617393,33.16006652340283,33.63558219819362,0.8020292711039838
30.397659204250747,1209.8504055805195,38.2897380438833,71.53785182705069,0.5909144314261656
29.38622256026516,1158.2142458233047,22.04074955076474,59.9730855083411,1.2060440452604118
35.01457388987572,1200.2795862468852,21.508802099764097,40.555171172231674,1.3390330832632535
52.95359988236723,1270.4280172897018,26.177580850253662,26.45498097564441,1.0990657556008006
62.87575536200374,1150.6948034506904,23.98861700282971,19.710913452752514,0.95905826035169
59.61184260306388,1200.0248757536717,41.794589164805046,59.20103744310933,0.954729020225417
36.79603381675657,1209.7253040386415,25.480349683951108,71.97070245102304,1.0344316164550926
77.29191683979164,1230.6093404406884,44.39663139547828,61.512340283290456,0.8541214928887102
64.2738150017461,1287.978342461914,28.422394794277672,52.42417065993266,0.40118630178799963
53.26124315068404,1201.9518991548941,24.55294789221748,13.356097874530901,1.2690717366366493
56.70324477406113,1202.0429802844342,39.74246267856198,87.47910220755071,0.7987905560791333
45.176003745667394,1260.6251872164623,36.4676943875219,73.89713533236596,0.759150932026999
34.86385937006945,1217.8326911334711,32.45489291132847,33.42576293607718,0.8471988556806013
41.35836071907569,1183.6907234409973,33.88408877344078,88.39762634870806,0.7024607502014172
65.47076662786215,1217.865927419904,37.980044456806596,58.15052717090577,0.3609045282692674
20.863609317785354,1171.12855305697,25.711368533282467,56.593812656579715,0.8663023885143191
26.964358430414975,1176.4580479759336,44.90834790141855,69.84585435436257,0.5561665269308348
22.760158521305165,1224.755165910922,44.36982905366958,74.941583047211,0.4152922185787321
22.44372813913821,1212.8388174256822,36.25814215867342,62.518288586520214,0.5817749991828496
71.32763504066043,1287.226885160215,24.988561273228626,20.247659709296002,0.8460335849371736
62.219471562801424,1204.3590848674949,37.00570606078229,37.06140047955987,0.4220299191966976
48.45042974523951,1237.0882525417064,21.804960224479395,84.24669122608398,1.3574491328782499
25.87004963906009,1244.8396431879296,20.766312555145152,27.969248947508156,1.2968868434605016
49.49695250700994,1151.9641684882502,26.442072212780342,39.77336190700107,1.1297811441241863
48.408306246833945,1249.5306058025067,31.565573918482908,44.56615063553568,0.8651649477946547
30.392112194600912,1176.7053950304628,41.706812635209516,45.15239917555618,0.6561348981253977
46.03109895427838,1294.1605476204184,38.1792267441577,59.03516659956204,0.6907613647778035
43.91028406384241,1172.2994091629669,38.56766302999952,85.4460670195766,0.7393750152292494
56.951005883132986,1212.1936185590534,30.637333361201883,29.2554169466004,1.0995150236210303
58.10561905205863,1162.8024502117967,28.648374813674074,19.720110104073445,1.1558671855155804
22.718240586322672,1299.5311377768921,29.27596907461507,25.797639188794985,0.6108972950283205
42.47675687758827,1225.3292515496864,44.69123909340145,80.95399201674157,0.6598636817420472
57.55159494285418,1239.3077525980066,21.002729785312063,61.664865012416485,1.518652284089262
50.188175514805266,1160.0614716082641,41.675787403061214,32.87254313913281,0.9485442128384762
71.38939047129934,1262.4940705598767,34.46688521430983,75.27575511748938,0.4929157105128284
59.5216178971367,1181.485838964338,30.965385479739762,78.90959970907488,0.9817546518612815
29.77606562488578,1284.708143416107,38.13144151037841,77.72114709522225,0.5350829903183015
24.234124844025793,1180.770946072301,32.16672353561757,83.51412269116436,0.5469574037802154
58.54515669237894,1178.60315809955,41.83558095204151,30.179281613868927,0.920852395210094
21.59067863249731,1155.4824501772143,42.51754660028146,70.40335429970227,0.48434244272058424
55.1465348764078,1220.8100417664998,30.543023171836385,46.8431597819312,0.9775369623173141
76.41381448549745,1234.7261699893925,26.920694930876287,77.35988423120492,1.0625846134859689
54.52845067255274,1159.8562959142528,34.80875821483406,68.27925417292906,1.0344123812959376
43.29019557239131,1266.3291425042516,42.80908364041727,72.11579571997797,0.6610244127280103
58.59729310654119,1217.9933252122041,25.266554725141663,62.49294701448572,1.2426858693869667
47.495173429491,1228.658540399137,35.57416458908707,24.19430155757655,0.8065866016647173
52.7370073589561,1216.1144120407341,35.78900550231302,53.60215351175506,0.8633895134732261
76.48788852659152,1210.1144591312989,38.327825560382024,88.77357916196065,0.7769438602436719
43.16615826804646,1233.9460496962326,23.289192128181494,84.99104531976951,1.1385459415636991
77.67143382943485,1173.286036889607,37.895624117052215,13.453898863760934,1.1392055010348479
74.32103851736383,1177.2892195742907,42.72581301664103,23.18518525835497,0.7199754140753979
31.747468087357788,1279.2678431520276,24.492077721756047,20.538301876364955,0.9547082435134377
24.161678052509927,1291.917319320045,25.93858312309694,68.07839279882364,0.7698399848332629
26.0466800826456,1205.996397441963,44.28487735104099,75.4228263885556,0.4557613206713633
21.093309539092985,1190.611700971533,24.524423817737244,27.080909304853755,1.0142449949357848
25.6665776453557,1246.5999314858523,41.35962733423948,50.46821543614632,0.6225662106839233
60.98040640498141,1211.3101256647144,32.30694641120087,77.256242240896,0.33686104226040403
24.27131890761374,1153.8079533490518,26.180776860079426,68.62412358130004,0.7510184109569463
39.138537817625675,1173.4228896049285,41.768747531812785,53.378976439347866,0.7215156942734964
70.69251865816727,1257.3958343271097,31.132631375066637,57.22781523670183,0.5727555028267041
21.39631614414955,1248.8385912865226,32.87043384824226,50.6688437533024,0.6572591099403169
68.86810895533614,1154.0643988755226,28.98083423499414,33.803876105505644,0.5947680000269633
36.911286486403995,1183.2958242899424,34.823771285873185,55.20175942872129,0.7880184005545126
27.089889657299373,1184.6612194882107,24.08809681462557,65.11082416400725,1.0094428335575771
61.804229921849036,1250.7839115398092,29.77703841629402,79.86583326886462,0.3559590618601707
57.73657080679304,1152.9565806631547,44.23530805838219,60.903308318339846,1.011211892191636
72.64832081162318,1165.616287297686,26.45333581752819,70.88972296345264,0.7642552793008413
64.10426262823314,1269.9874128059785,36.4184166135323,22.80573079636584,0.4163131601044864
68.20885582309091,1176.78169930815,28.129751605617372,46.92459795358319,0.6109831878542018
36.922074354278394,1247.9119161777812,39.33682814216502,10.746529586167464,0.792009468714514
30.646372626783368,1185.727417157009,23.271841517958745,29.73430916172984,1.203631957944726
65.0368850984515,1164.9162089139018,44.24552612696362,68.11693720904039,0.3640893093542049
68.41008435603584,1186.4758286499182,31.34473853459098,89.34479610794908,0.4524805291608791
79.4303085200404,1258.340039778349,25.9012615836616,17.934247966977274,1.6193564916082397
44.757060614685585,1278.354470215943,21.837418683250316,42.11954526890306,1.3235824481402358
42.32108514756699,1274.5329796850488,24.24394762718852,74.00567749593276,1.0872332300186787
66.58477764451982,1209.5775294427683,32.99434871390044,26.32285077031191,0.5069644587684744
40.448212415181075,1250.2127704855968,28.425079410782157,54.4067959441829,0.8170289294783656
75.84543953621389,1180.747644312373,40.72208414706523,68.64570368237398,0.7892277672832424
71.5047651105807,1193.972159539152,30.772188091545146,59.278836020814325,0.6666736843645772
45.7396416425011,1284.450372778168,26.217856814690748,25.04197876923329,1.0232769472715797
65.05226406748984,1151.9502885266104,35.42862466510075,38.43076549485915,0.4374384832317509
65.27257244508094,1162.8262796281701,37.669430422136145,72.70334275883178,0.4654373542272045
26.187432130155955,1181.182938271904,24.176047697523746,54.33812113056133,0.9999248058295928
74.15317440077399,1153.979830581073,24.190480407207943,10.418369083433019,1.2016359769540237
50.315142346871426,1177.2153152634696,20.916785673338573,70.8792608022475,1.485839474918858
69.5874479664645,1237.456234145454,38.41005037664101,12.824908395219126,0.5865450215043173
39.20297606183671,1213.2136825888747,36.59511319054513,69.65870261849858,0.6239299543145439
73.73139370977202,1283.9007566615462,31.865771893745347,26.19844481321899,0.8284020592177448
43.35210072404979,1272.6165342607662,41.10426122422993,86.64587840955042,0.6608845699977067
20.6502590888179,1201.2726027546814,40.14175382375133,39.43526010416676,0.5743095254484527
74.32291858515582,1188.913515014694,34.6338591099188,36.15452930704633,0.7809703493481208
25.477200607168015,1206.9538612250901,41.70678201283147,21.911044026595576,0.6389107136071135
39.15881825542489,1238.5442413772212,25.146030250919207,34.44833723921719,1.0943322897184267
77.0037180230483,1190.2095461234314,22.7979904849432,80.13206094625605,1.452489553599725
77.03642881625336,1243.62233617737,26.74374028792474,89.70674701017978,1.0644435040629656
54.40627328739717,1211.411747828686,21.427171402232872,39.464762440547865,1.5433067503676041
57.91023273018796,1232.8070771277971,33.2792382000258,45.8888504763634,0.9534444131387483
46.90673131869919,1215.4189793702976,43.41514230737404,67.76567505621897,0.7176178009838471
37.592646301883875,1194.1698639312876,20.983588516712743,80.89566243720596,1.33309941281038
39.71987272219496,1292.2679960443236,23.052747850250668,57.44354673494273,1.1933992962222217
60.35110736462231,1264.540869123964,31.30497570708588,41.32205585422635,0.42612712223387295
65.1424717662608,1171.0169763649678,43.34687543819762,43.0097472678899,0.28204663325625917
67.4947426235509,1280.2701963846869,27.903902624418762,65.64945171974455,0.4731813124273792
67.37708856767324,1223.114679737427,32.680870217209815,10.257461088342295,0.5651904947903955
25.472366182921423,1284.1828340341137,21.0393214762598,59.56714699678726,1.167475755137909
49.66521828215489,1269.9782883920973,23.70858002405222,38.43944083530859,1.2368055221534286
23.453525600998656,1213.782025670385,44.665753073971175,73.53578650216674,0.514194368358657
52.97173293942413,1153.3703962480176,44.127967410901135,17.439251185850573,0.9799490507184304
46.49183008240262,1190.301603907742,20.12349952336024,57.05618135587124,1.5181927257611738
73.26225096549798,1231.24513219913,43.79529463558097,48.4778311908899,0.574702294066784
41.05490075312472,1245.021732973922,35.97799844538751,61.38604207241819,0.6822023526102166
27.02402098565635,1188.6831528149803,41.697957363000555,15.188287558637468,0.6163090961861105
28.57950092317015,1170.9034111109236,31.368496390846477,56.3987029942505,0.7021107952682843
65.69063790304833,1275.2395355198948,32.88990071448126,54.9187670367619,0.4246302342736092
57.09308379897566,1297.6603271055328,32.22116450642301,54.85280755329367,0.9213484736314566
26.067360567367416,1228.8535273454029,36.67160643865261,58.279013327716385,0.61007617983801
25.046408366899847,1175.7518928772456,23.49128136890782,64.11743497810897,1.0976014250947483
62.0581478875472,1190.8460989779053,20.74933974681695,74.39911997446158,1.0522539626464487
24.36578038185161,1152.75860148212,27.698248539779772,31.585657610257147,0.7849500255179345
69.31160355742136,1287.1448209840748,37.61701906841617,76.00395281440497,0.3715747369705015
62.374533629389774,1167.662662433521,25.04633630307371,49.86045458107629,0.7946537523822275
24.880926838513986,1236.4774713271381,36.835810833122935,16.164662330746495,0.6832960870237739
25.090262845111514,1191.1082831030808,44.24780115268176,14.684074339518336,0.6778376047446376
79.19837471007052,1233.126700377369,22.34751789473546,36.73906549568486,1.8655227925198241
42.45624774536722,1247.7130582527795,36.81505295562816,72.7917581689174,0.7178629129637878
42.23852882401346,1274.4612705560803,31.093755482614277,66.61447477927325,0.7886633706628986
68.76797403545015,1180.9631907640905,41.703556359437634,73.08919717379251,0.41021649272152366
76.83491464303152,1151.649374298772,24.428744736184647,51.38152451532875,1.3341011436723658
79.16006382937226,1170.5328445103212,37.315648805654114,45.21591983643924,1.322143073488804
65.2026911155365,1285.0027962772158,40.95288224120276,21.796202136502714,0.32723302743252886
42.57557513185495,1281.0835116343774,43.61535548685058,36.25542028874492,0.6476758790379863
25.010043001920124,1239.6119653255462,37.081200707241145,44.72154929391002,0.5841690377996795
66.6288149556462,1240.077529065048,32.42936910021068,17.08803437436938,0.4835021679793605
53.504254984148304,1249.7555011819384,35.44618100503035,27.6489562168969,0.902604583154633
45.453320554818575,1176.3056917935173,41.72262461196796,57.85802352509911,0.7058249849177884
74.38126310568416,1287.161791888744,34.26524366597074,68.85304913913518,0.6363827716742806
26.67184893836908,1212.815578733811,20.759676492420923,89.86780091143598,1.21344377383049
49.55750625745155,1207.4707792374247,43.273717387674445,84.64906650748462,0.6917821406289056
20.681218686045145,1227.8376557924257,37.23816877578903,61.40521596281532,0.5514458093768525
48.11963851964758,1157.0448950162584,36.912834644431165,43.69984426352576,0.9469659599909891
23.378196540910242,1174.9425053134119,25.39187880994293,60.894189176658614,0.8382440298585461
27.129074976084315,1260.7050424639556,36.47213675581643,72.85212944641856,0.5081544718317622
27.05157480662629,1162.419800188769,29.846610141353963,19.466895273870986,0.7784211515007925
58.95261812696381,1240.4728164199582,36.2808244260373,42.79239117570306,0.9012199371776362
64.7626927559254,1186.8023664521982,22.664825757699766,77.18418285084938,0.9322954347760977
55.00212590582958,1208.3943421062966,36.446132615075896,40.70663615464352,0.927618947466639
77.73035290847253,1193.304060515605,44.985343144266665,55.74978169817492,0.9677791164789225
42.49223477142225,1203.3509074697424,21.2053009715139,57.021548868975856,1.3270177932879483
37.14272517691164,1257.8568857776368,44.429354605532936,24.75810025069115,0.6864241573279921
72.11594769136761,1194.5682573434763,30.172699018071768,38.97883533218307,0.6393807878620834
33.41575031116716,1234.9606960445346,41.76883625843148,36.76090309935457,0.6505015432477331
77.79335236643668,1221.407560329865,39.559637101456836,12.095736682565184,1.1127734975736596
20.72926848138898,1249.5506748043972,34.1754065246667,11.93534111130842,0.6892134894413232
78.19272960245834,1290.5244608987136,38.46123023128317,76.53576349406188,0.9176004959578725
22.589594717034565,1259.8858145815375,41.962889032533695,31.845664797824995,0.39598454241059117
73.46858682188426,1182.2410567886136,30.103508041275823,51.44630129910524,0.7572768082210068
51.66206654517799,1154.6774702591927,28.175829039080966,33.898045887101844,1.12794222170183
79.57788776715802,1189.3396066449739,36.68983463908962,85.25433960922724,1.368803154178799
24.427793884123933,1239.2616896050383,40.19614854853147,30.7437407092619,0.590365052458598
53.231257064079244,1157.7138720226376,39.057128369415395,44.37254501911481,0.9146521893811745
78.15815213714595,1224.4549370801853,39.94534122146587,79.81842003876815,1.0458105453420838
51.38587065020893,1239.5264273375333,30.889582870323324,77.3546853433447,0.8098749403128727
57.763918288115754,1200.136583622544,40.445855404375536,24.888113427702187,0.9832568379184031
61.74492133907703,1265.6368305618732,23.00522638426521,74.21146478365684,0.7950853063419219
47.27246388606639,1165.9897379700658,33.61222744902124,46.65495093903141,0.9617914637450041
57.6534848050438,1161.2706672603713,20.14396651245304,48.637509766828416,1.8222732442519505
55.058858715386016,1259.2283134305405,28.114645747506756,20.6783977932755,1.0253236576051505
74.06948062945935,1224.3236974309298,29.161538371784946,16.44812110056997,0.8033026193091735
22.726782820487472,1253.2603594641605,29.904317290231383,68.23514455790121,0.5774208523426383
36.85779137553382,1215.224100790562,37.38668016724655,49.716892188423984,0.6458189115774652
77.02468904459352,1186.960304985866,29.713952531758643,44.948056209214364,1.0391008253871208
73.41582703345497,1272.86534765113,31.217340565563266,68.36065829219174,0.5936922228500683
47.33940516714277,1269.9123818453468,25.938603271858184,71.24103191928879,0.9639194425404863
57.207955868092206,1254.204470628164,29.3312947907335,22.712653413548285,1.025529978791946
36.64287097886796,1190.8217705844945,25.681740681578788,58.8180119582113,0.9689211118178053
31.28726958342568,1238.534600030363,21.829898094211092,20.828326582214842,1.3333305071582673
47.82190429639893,1204.146084541004,35.086214834534445,70.11000688232366,0.8229994852123167
41.20113368156317,1163.737310998995,36.70531996387541,62.55641250137116,0.7957177392478592
55.01936671105233,1287.5970363193364,35.48725865024036,86.52916968667664,0.7609065215383839
24.66407821789909,1170.5227946378443,31.58735109501431,15.516641308513694,0.7757233363480078
78.46368845996999,1292.5356030731205,29.494644504480746,14.564377692100345,1.2611046865232207
79.17264466877617,1216.9008659436934,41.583341239295635,32.57496597545601,1.231161609605075
